Auction Date,Property Address,Final Judgment,Assessed Value,Plaintiff Max Bid,Case #,Parcel ID,Case Link,Parcel Link
05/14/2026 11:00 AM CT,"9860 S THOMAS DR 825 PANAMA CITY BEACH, FL- 32408","$33,580.66","$335,750.00","$33,580.66",25000427CA,40001-000-274,https://bay.realforeclose.com//index.cfm?zaction=auction&zmethod=details&AID=25000427CA&bypassPage=1,https://qpublic.schneidercorp.com/Application.aspx?AppID=838&LayerID=15181&PageTypeID=4&PageID=6818&Q=1127707165&KeyValue=40001-000-274
05/18/2026 11:00 AM CT,"908 E 2ND CT PANAMA CITY, FL- 32401","$84,319.29","$140,330.00",Hidden,25000327CA,22054-000-000,https://bay.realforeclose.com//index.cfm?zaction=auction&zmethod=details&AID=25000327CA&bypassPage=1,https://qpublic.schneidercorp.com/Application.aspx?AppID=838&LayerID=15181&PageTypeID=4&PageID=6818&Q=1127707165&KeyValue=22054-000-000
05/18/2026 11:00 AM CT,"9860 S THOMAS DR 921 PANAMA CITY BEACH, FL- 32408","$54,768.20","$365,500.00","$54,768.20",25000431CA,40001-000-308,https://bay.realforeclose.com//index.cfm?zaction=auction&zmethod=details&AID=25000431CA&bypassPage=1,https://qpublic.schneidercorp.com/Application.aspx?AppID=838&LayerID=15181&PageTypeID=4&PageID=6818&Q=1127707165&KeyValue=40001-000-308
05/21/2026 11:00 AM CT,"120 HOMBRE CIR PANAMA CITY BEACH, FL- 32407","$306,096.17","$392,719.00","$309,349.55",24000802CA,34882-190-000,https://bay.realforeclose.com//index.cfm?zaction=auction&zmethod=details&AID=24000802CA&bypassPage=1,https://qpublic.schneidercorp.com/Application.aspx?AppID=838&LayerID=15181&PageTypeID=4&PageID=6818&Q=1127707165&KeyValue=34882-190-000
05/26/2026 11:00 AM CT,"719 N 9TH ST PANAMA CITY, FL- 32404","$5,910,375.61","$59,811.00","$40,485.81",23001239CA,Property,https://bay.realforeclose.com//index.cfm?zaction=auction&zmethod=details&AID=23001239CA&bypassPage=1,https://qpublic.schneidercorp.com/Application.aspx?AppID=838&LayerID=15181&PageTypeID=4&PageID=6818&Q=1127707165&KeyValue=Property
05/26/2026 11:00 AM CT,"3049 RACHEL PL SOUTHPORT, FL- 32409","$444,407.69","$353,141.00","$444,407.69",25001059CA,07899-750-050,https://bay.realforeclose.com//index.cfm?zaction=auction&zmethod=details&AID=25001059CA&bypassPage=1,https://qpublic.schneidercorp.com/Application.aspx?AppID=838&LayerID=15181&PageTypeID=4&PageID=6818&Q=1127707165&KeyValue=07899-750-050
05/26/2026 11:00 AM CT,"7132 CLAYTON RD YOUNGSTOWN, FL- 32466","$4,850.00","$72,225.00","$4,850.00",25003054CC,05127-328-000,https://bay.realforeclose.com//index.cfm?zaction=auction&zmethod=details&AID=25003054CC&bypassPage=1,https://qpublic.schneidercorp.com/Application.aspx?AppID=838&LayerID=15181&PageTypeID=4&PageID=6818&Q=1127707165&KeyValue=05127-328-000
05/27/2026 11:00 AM CT,"11615 POSTON RD PANAMA CITY, FL- 32404","$292,446.38","$525,574.00","$292,446.38",25000579CA,06677-000-000,https://bay.realforeclose.com//index.cfm?zaction=auction&zmethod=details&AID=25000579CA&bypassPage=1,https://qpublic.schneidercorp.com/Application.aspx?AppID=838&LayerID=15181&PageTypeID=4&PageID=6818&Q=1127707165&KeyValue=06677-000-000
05/29/2026 11:00 AM CT,"8556 PRESERVATION DR PANAMA CITY BEACH, FL- 32413","$8,898.30","$71,464.00","$8,898.30",26000127CA,32611-664-000,https://bay.realforeclose.com//index.cfm?zaction=auction&zmethod=details&AID=26000127CA&bypassPage=1,https://qpublic.schneidercorp.com/Application.aspx?AppID=838&LayerID=15181&PageTypeID=4&PageID=6818&Q=1127707165&KeyValue=32611-664-000
06/05/2026 11:00 AM CT,"5912 CALLAWAY CIR PANAMA CITY, FL- 32404","$14,010.42","$193,923.00","$14,010.42",25002716CC,06025-050-380,https://bay.realforeclose.com//index.cfm?zaction=auction&zmethod=details&AID=25002716CC&bypassPage=1,https://qpublic.schneidercorp.com/Application.aspx?AppID=838&LayerID=15181&PageTypeID=4&PageID=6818&Q=1127707165&KeyValue=06025-050-380
06/08/2026 11:00 AM CT,"9900 S THOMAS DR 2016 PANAMA CITY BEACH, FL- 32408","$32,387.08","$281,877.00","$32,387.08",24000437CA,40000-650-355,https://bay.realforeclose.com//index.cfm?zaction=auction&zmethod=details&AID=24000437CA&bypassPage=1,https://qpublic.schneidercorp.com/Application.aspx?AppID=838&LayerID=15181&PageTypeID=4&PageID=6818&Q=1127707165&KeyValue=40000-650-355
06/08/2026 11:00 AM CT,"2428 CANAL ST LYNN HAVEN, FL- 32444","$194,384.82",,"$194,384.82",25000329CA,Property,https://bay.realforeclose.com//index.cfm?zaction=auction&zmethod=details&AID=25000329CA&bypassPage=1,https://qpublic.schneidercorp.com/Application.aspx?AppID=838&LayerID=15181&PageTypeID=4&PageID=6818&Q=1127707165&KeyValue=Property
06/11/2026 11:00 AM CT,"605 LORI LN LYNN HAVEN, FL- 32444","$85,161.74","$101,737.00","$85,161.74",19002967CA,11678-912-000,https://bay.realforeclose.com//index.cfm?zaction=auction&zmethod=details&AID=19002967CA&bypassPage=1,https://qpublic.schneidercorp.com/Application.aspx?AppID=838&LayerID=15181&PageTypeID=4&PageID=6818&Q=1127707165&KeyValue=11678-912-000
06/11/2026 11:00 AM CT,"1842 CINCINNATI AVENUE PANAMA CITY, FL- 32405","$129,554.26",,"$129,554.26",25000555CA,Property,https://bay.realforeclose.com//index.cfm?zaction=auction&zmethod=details&AID=25000555CA&bypassPage=1,https://qpublic.schneidercorp.com/Application.aspx?AppID=838&LayerID=15181&PageTypeID=4&PageID=6818&Q=1127707165&KeyValue=Property
06/15/2026 11:00 AM CT,"519 PALERMO RD PANAMA CITY, FL- 32405","$189,431.26","$148,252.00","$189,431.26",25000343CA,11677-009-000,https://bay.realforeclose.com//index.cfm?zaction=auction&zmethod=details&AID=25000343CA&bypassPage=1,https://qpublic.schneidercorp.com/Application.aspx?AppID=838&LayerID=15181&PageTypeID=4&PageID=6818&Q=1127707165&KeyValue=11677-009-000
06/15/2026 11:00 AM CT,"1012 VIRGINIA CT PANAMA CITY, FL- 32404","$107,112.00","$141,744.00","$107,112.00",25000769CA,06000-088-000,https://bay.realforeclose.com//index.cfm?zaction=auction&zmethod=details&AID=25000769CA&bypassPage=1,https://qpublic.schneidercorp.com/Application.aspx?AppID=838&LayerID=15181&PageTypeID=4&PageID=6818&Q=1127707165&KeyValue=06000-088-000
06/15/2026 11:00 AM CT,"3906 W 24TH CT PANAMA CITY, FL- 32405","$100,700.39","$87,362.00","$100,700.39",25000949CA,27279-000-000,https://bay.realforeclose.com//index.cfm?zaction=auction&zmethod=details&AID=25000949CA&bypassPage=1,https://qpublic.schneidercorp.com/Application.aspx?AppID=838&LayerID=15181&PageTypeID=4&PageID=6818&Q=1127707165&KeyValue=27279-000-000
06/15/2026 11:00 AM CT,"12820 CLEAR CREEK RD YOUNGSTOWN, FL- 32466","$286,612.83","$223,016.00","$286,612.83",25001052CA,05127-234-000,https://bay.realforeclose.com//index.cfm?zaction=auction&zmethod=details&AID=25001052CA&bypassPage=1,https://qpublic.schneidercorp.com/Application.aspx?AppID=838&LayerID=15181&PageTypeID=4&PageID=6818&Q=1127707165&KeyValue=05127-234-000
06/16/2026 11:00 AM CT,"348 N PALO ALTO AVE PANAMA CITY, FL- 32401","$192,614.78","$144,166.00","$192,614.78",22000965CA,21176-000-000,https://bay.realforeclose.com//index.cfm?zaction=auction&zmethod=details&AID=22000965CA&bypassPage=1,https://qpublic.schneidercorp.com/Application.aspx?AppID=838&LayerID=15181&PageTypeID=4&PageID=6818&Q=1127707165&KeyValue=21176-000-000
06/16/2026 11:00 AM CT,"1716 N EAST AVE PANAMA CITY, FL- 32405","$28,383.11","$733,590.00","$28,383.11",26000042CA,14830-000-000,https://bay.realforeclose.com//index.cfm?zaction=auction&zmethod=details&AID=26000042CA&bypassPage=1,https://qpublic.schneidercorp.com/Application.aspx?AppID=838&LayerID=15181&PageTypeID=4&PageID=6818&Q=1127707165&KeyValue=14830-000-000
06/16/2026 11:00 AM CT,"1607 TRANSMITTER RD PANAMA CITY, FL- 32405","$23,499.07","$522,430.00","$23,499.07",26000042CA,14820-000-000,https://bay.realforeclose.com//index.cfm?zaction=auction&zmethod=details&AID=26000042CA&bypassPage=1,https://qpublic.schneidercorp.com/Application.aspx?AppID=838&LayerID=15181&PageTypeID=4&PageID=6818&Q=1127707165&KeyValue=14820-000-000
06/29/2026 11:00 AM CT,"9860 S THOMAS DR L5 A/K/A C2 PANAMA CITY BEACH, FL- 32408","$777,204.21","$38,400.00","$777,204.21",25000442CA,40001-000-790,https://bay.realforeclose.com//index.cfm?zaction=auction&zmethod=details&AID=25000442CA&bypassPage=1,https://qpublic.schneidercorp.com/Application.aspx?AppID=838&LayerID=15181&PageTypeID=4&PageID=6818&Q=1127707165&KeyValue=40001-000-790
06/30/2026 11:00 AM CT,"1114 PENNSYLVANIA AVE LYNN HAVEN, FL- 32444","$35,116.80","$106,617.00","$35,116.80",22000762CA,09870-040-000,https://bay.realforeclose.com//index.cfm?zaction=auction&zmethod=details&AID=22000762CA&bypassPage=1,https://qpublic.schneidercorp.com/Application.aspx?AppID=838&LayerID=15181&PageTypeID=4&PageID=6818&Q=1127707165&KeyValue=09870-040-000
06/30/2026 11:00 AM CT,"6600 SLABINSKI LN PANAMA CITY, FL- 32404","$369,264.57","$277,321.00","$369,264.57",25000492CA,05903-150-296,https://bay.realforeclose.com//index.cfm?zaction=auction&zmethod=details&AID=25000492CA&bypassPage=1,https://qpublic.schneidercorp.com/Application.aspx?AppID=838&LayerID=15181&PageTypeID=4&PageID=6818&Q=1127707165&KeyValue=05903-150-296
07/01/2026 11:00 AM CT,"2400 GRANDIFLORA BLVD PANAMA CITY BEACH, FL- 32408","$2,789,279.50",$1.00,"$2,789,279.50",25001053CA,40000-600-199,https://bay.realforeclose.com//index.cfm?zaction=auction&zmethod=details&AID=25001053CA&bypassPage=1,https://qpublic.schneidercorp.com/Application.aspx?AppID=838&LayerID=15181&PageTypeID=4&PageID=6818&Q=1127707165&KeyValue=40000-600-199
07/17/2026 11:00 AM CT,"2119 BRIAWOOD CIR PANAMA CITY, FL- 32405","$173,710.49","$210,386.00","$173,710.49",25000204CA,26794-067-000,https://bay.realforeclose.com//index.cfm?zaction=auction&zmethod=details&AID=25000204CA&bypassPage=1,https://qpublic.schneidercorp.com/Application.aspx?AppID=838&LayerID=15181&PageTypeID=4&PageID=6818&Q=1127707165&KeyValue=26794-067-000
07/29/2026 11:00 AM CT,"3706 E 7TH ST PANAMA CITY, FL- 32401","$195,681.77","$201,970.00","$195,681.77",24000445CA,23129-010-000,https://bay.realforeclose.com//index.cfm?zaction=auction&zmethod=details&AID=24000445CA&bypassPage=1,https://qpublic.schneidercorp.com/Application.aspx?AppID=838&LayerID=15181&PageTypeID=4&PageID=6818&Q=1127707165&KeyValue=23129-010-000
07/30/2026 11:00 AM CT,"4709 MAEGAN'S RIDGE RD PANAMA CITY, FL- 32404","$421,163.04","$303,071.00","$421,163.04",25000472CA,05860-650-060,https://bay.realforeclose.com//index.cfm?zaction=auction&zmethod=details&AID=25000472CA&bypassPage=1,https://qpublic.schneidercorp.com/Application.aspx?AppID=838&LayerID=15181&PageTypeID=4&PageID=6818&Q=1127707165&KeyValue=05860-650-060
