Timestamp,Action,Case #,Auction Date,Property Address,Final Judgment,Assessed Value,Plaintiff Max Bid,Parcel ID
2026-04-24T10:59:12,NEW,25001159CA,04/24/2026 11:00 AM CT,"5118 WYMORE RD PANAMA CITY, FL- 32404","$128,156.04","$84,912.00",Hidden,05871-000-000
2026-04-24T10:59:12,NEW,25001387CC,04/24/2026 11:00 AM CT,"NORTHWOOD ST YOUNGSTOWN, FL- 32466","$49,720.32","$60,420.00","$36,200.00",05452-228-000
2026-04-24T10:59:12,NEW,25000033CA,04/30/2026 11:00 AM CT,"619 16TH ST PANAMA CITY BEACH, FL- 32413","$188,093.66","$213,475.00",Hidden,36582-124-000
2026-04-24T10:59:12,NEW,25001205CA,04/30/2026 11:00 AM CT,"241 ALLEN AVE PANAMA CITY, FL- 32401","$120,221.88","$43,070.00","$121,642.24",20185-000-000
2026-04-24T10:59:12,NEW,25000336CA,05/01/2026 11:00 AM CT,"17751 PANAMA CITY BEACH PKWY 1 PANAMA CITY BEACH, FL- 32413","$319,398.81","$226,610.00","$319,398.81",38461-172-000
2026-04-24T10:59:12,NEW,25000725CA,05/04/2026 11:00 AM CT,"8010 CAMPFLOWERS RD YOUNGSTOWN, FL- 32466","$132,654.20","$160,251.00","$132,654.20",05263-122-005
2026-04-24T10:59:12,NEW,25000586CA,05/08/2026 11:00 AM CT,"9412 ED LEE RD PANAMA CITY, FL- 32404","$343,227.50","$328,783.00","$343,227.50",03802-010-000
2026-04-24T10:59:12,NEW,25000131CA,05/11/2026 11:00 AM CT,"7301 SOUTH LAKE JOANNA DR PANAMA CITY, FL- 32404","$214,381.03","$76,159.00","$214,381.03",05635-127-000
2026-04-24T10:59:12,NEW,25001020CA,05/11/2026 11:00 AM CT,"1823 AIRPORT CIR PANAMA CITY, FL- 32405","$113,273.56",,"$113,273.56",Property
2026-04-24T10:59:12,NEW,25000427CA,05/14/2026 11:00 AM CT,"9860 S THOMAS DR 825 PANAMA CITY BEACH, FL- 32408","$33,580.66","$335,750.00","$33,580.66",40001-000-274
2026-04-24T10:59:12,NEW,25000327CA,05/18/2026 11:00 AM CT,"908 E 2ND CT PANAMA CITY, FL- 32401","$84,319.29","$140,330.00","$84,319.29",22054-000-000
2026-04-24T10:59:12,NEW,25000431CA,05/18/2026 11:00 AM CT,"9860 S THOMAS DR 921 PANAMA CITY BEACH, FL- 32408","$54,768.20","$365,500.00","$54,768.20",40001-000-308
2026-04-24T10:59:12,NEW,24000802CA,05/21/2026 11:00 AM CT,"120 HOMBRE CIR PANAMA CITY BEACH, FL- 32407","$306,096.17","$392,719.00","$306,096.17",34882-190-000
2026-04-24T10:59:12,NEW,25001021CA,05/26/2026 11:00 AM CT,"719 N 9TH ST PANAMA CITY, FL- 32404","$40,485.81","$59,811.00","$40,485.81",25360-000-000
2026-04-24T10:59:12,NEW,25001059CA,05/26/2026 11:00 AM CT,"3049 RACHEL PL SOUTHPORT, FL- 32409","$444,407.69","$353,141.00","$444,407.69",07899-750-050
2026-04-24T10:59:12,NEW,25003054CC,05/26/2026 11:00 AM CT,"7132 CLAYTON RD YOUNGSTOWN, FL- 32466","$4,850.00","$72,225.00","$4,850.00",05127-328-000
2026-04-24T10:59:12,NEW,25000579CA,05/27/2026 11:00 AM CT,"11615 POSTON RD PANAMA CITY, FL- 32404","$292,446.38","$525,574.00","$292,446.38",06677-000-000
2026-04-24T10:59:12,NEW,22000762CA,06/30/2026 11:00 AM CT,"1114 PENNSYLVANIA AVE LYNN HAVEN, FL- 32444","$35,116.80","$106,617.00","$35,116.80",09870-040-000
2026-04-24T10:59:12,NEW,25000204CA,07/17/2026 11:00 AM CT,"2119 BRIAWOOD CIR PANAMA CITY, FL- 32405","$173,710.49","$210,386.00","$173,710.49",26794-067-000
2026-04-24T10:59:12,NEW,25000472CA,07/30/2026 11:00 AM CT,"4709 MAEGAN'S RIDGE RD PANAMA CITY, FL- 32404","$421,163.04","$303,071.00","$421,163.04",05860-650-060
2026-04-27T02:09:17,CLOSED,25001159CA,04/24/2026 11:00 AM CT,"5118 WYMORE RD PANAMA CITY, FL- 32404","$128,156.04","$84,912.00",Hidden,05871-000-000
2026-04-27T02:09:17,CLOSED,25001387CC,04/24/2026 11:00 AM CT,"NORTHWOOD ST YOUNGSTOWN, FL- 32466","$49,720.32","$60,420.00","$36,200.00",05452-228-000
2026-04-28T02:09:19,NEW,23001239CA,05/26/2026 11:00 AM CT,"719 N 9TH ST PANAMA CITY, FL- 32404","$5,910,375.61","$59,811.00","$40,485.81",Property
2026-04-28T02:09:19,CLOSED,25001021CA,05/26/2026 11:00 AM CT,"719 N 9TH ST PANAMA CITY, FL- 32404","$40,485.81","$59,811.00","$40,485.81",25360-000-000
2026-04-30T02:09:29,NEW,24000437CA,06/08/2026 11:00 AM CT,"9900 S THOMAS DR 2016 PANAMA CITY BEACH, FL- 32408","$32,387.08","$281,877.00","$32,387.08",40000-650-355
2026-05-01T02:09:24,NEW,25002716CC,06/05/2026 11:00 AM CT,"5912 CALLAWAY CIR PANAMA CITY, FL- 32404","$14,010.42","$193,923.00","$14,010.42",06025-050-380
2026-05-01T02:09:24,CLOSED,25000033CA,04/30/2026 11:00 AM CT,"619 16TH ST PANAMA CITY BEACH, FL- 32413","$188,093.66","$213,475.00",Hidden,36582-124-000
2026-05-01T02:09:24,CLOSED,25001205CA,04/30/2026 11:00 AM CT,"241 ALLEN AVE PANAMA CITY, FL- 32401","$120,221.88","$43,070.00","$121,642.24",20185-000-000
2026-05-04T02:09:21,NEW,25000555CA,06/11/2026 11:00 AM CT,"1842 CINCINNATI AVENUE PANAMA CITY, FL- 32405","$129,554.26",,"$129,554.26",Property
2026-05-04T02:09:21,NEW,22000965CA,06/16/2026 11:00 AM CT,"348 N PALO ALTO AVE PANAMA CITY, FL- 32401","$192,614.78","$144,166.00","$192,614.78",21176-000-000
2026-05-04T02:09:21,CLOSED,25000336CA,05/01/2026 11:00 AM CT,"17751 PANAMA CITY BEACH PKWY 1 PANAMA CITY BEACH, FL- 32413","$319,398.81","$226,610.00",Hidden,38461-172-000
2026-05-05T02:09:12,NEW,25000492CA,06/30/2026 11:00 AM CT,"6600 SLABINSKI LN PANAMA CITY, FL- 32404","$369,264.57","$277,321.00","$369,264.57",05903-150-296
2026-05-05T02:09:12,CLOSED,25000725CA,05/04/2026 11:00 AM CT,"8010 CAMPFLOWERS RD YOUNGSTOWN, FL- 32466","$132,654.20","$160,251.00",Hidden,05263-122-005
2026-05-07T02:09:40,NEW,25000343CA,06/15/2026 11:00 AM CT,"519 PALERMO RD PANAMA CITY, FL- 32405","$189,431.26","$148,252.00","$189,431.26",11677-009-000
2026-05-07T02:09:40,NEW,25000769CA,06/15/2026 11:00 AM CT,"1012 VIRGINIA CT PANAMA CITY, FL- 32404","$107,112.00","$141,744.00","$107,112.00",06000-088-000
2026-05-08T02:09:40,NEW,26000127CA,05/29/2026 11:00 AM CT,"8556 PRESERVATION DR PANAMA CITY BEACH, FL- 32413","$8,898.30","$71,464.00","$8,898.30",32611-664-000
2026-05-08T02:09:40,NEW,26000042CA,06/16/2026 11:00 AM CT,"1607 TRANSMITTER RD PANAMA CITY, FL- 32405","$23,499.07","$522,430.00","$23,499.07",14820-000-000
2026-05-08T02:09:40,NEW,24000445CA,07/29/2026 11:00 AM CT,"3706 E 7TH ST PANAMA CITY, FL- 32401","$195,681.77","$201,970.00","$195,681.77",23129-010-000
2026-05-11T02:09:43,CLOSED,25000586CA,05/08/2026 11:00 AM CT,"9412 ED LEE RD PANAMA CITY, FL- 32404","$343,227.50","$328,783.00",Hidden,03802-010-000
2026-05-12T02:09:32,NEW,19002967CA,06/11/2026 11:00 AM CT,"1842 CINCINNATI AVENUE PANAMA CITY, FL- 32405","$85,161.74",,"$129,554.26",Property
2026-05-12T02:09:32,NEW,25001052CA,06/15/2026 11:00 AM CT,"12820 CLEAR CREEK RD YOUNGSTOWN, FL- 32466","$286,612.83","$223,016.00","$286,612.83",05127-234-000
2026-05-12T02:09:32,NEW,25001053CA,07/01/2026 11:00 AM CT,"2400 GRANDIFLORA BLVD PANAMA CITY BEACH, FL- 32408","$2,789,279.50",$1.00,"$2,789,279.50",40000-600-199
2026-05-12T02:09:32,CLOSED,25000131CA,05/11/2026 11:00 AM CT,"7301 SOUTH LAKE JOANNA DR PANAMA CITY, FL- 32404","$214,381.03","$76,159.00",Hidden,05635-127-000
2026-05-12T02:09:32,CLOSED,25001020CA,05/11/2026 11:00 AM CT,"1823 AIRPORT CIR PANAMA CITY, FL- 32405","$113,273.56",,"$115,534.75",Property
2026-05-12T02:09:32,CLOSED,25000555CA,06/11/2026 11:00 AM CT,"1842 CINCINNATI AVENUE PANAMA CITY, FL- 32405","$129,554.26",,"$129,554.26",Property
2026-05-13T02:09:41,NEW,25000555CA,06/11/2026 11:00 AM CT,"1842 CINCINNATI AVENUE PANAMA CITY, FL- 32405","$129,554.26",,"$129,554.26",Property
2026-05-13T02:09:41,NEW,25000949CA,06/15/2026 11:00 AM CT,"12820 CLEAR CREEK RD YOUNGSTOWN, FL- 32466","$100,700.39","$223,016.00","$286,612.83",Property
2026-05-13T02:09:41,CLOSED,25001052CA,06/15/2026 11:00 AM CT,"12820 CLEAR CREEK RD YOUNGSTOWN, FL- 32466","$286,612.83","$223,016.00","$286,612.83",05127-234-000
2026-05-13T02:09:41,CLOSED,24000445CA,07/29/2026 11:00 AM CT,"3706 E 7TH ST PANAMA CITY, FL- 32401","$195,681.77","$201,970.00","$195,681.77",23129-010-000
2026-05-14T02:09:56,NEW,25000329CA,06/08/2026 11:00 AM CT,"2428 CANAL ST LYNN HAVEN, FL- 32444","$194,384.82",,"$194,384.82",Property
2026-05-14T02:09:56,NEW,25001052CA,06/15/2026 11:00 AM CT,"12820 CLEAR CREEK RD YOUNGSTOWN, FL- 32466","$286,612.83","$223,016.00","$286,612.83",05127-234-000
2026-05-14T02:09:56,NEW,25000442CA,06/29/2026 11:00 AM CT,"9860 S THOMAS DR L5 A/K/A C2 PANAMA CITY BEACH, FL- 32408","$777,204.21","$38,400.00","$777,204.21",40001-000-790
2026-05-14T02:09:56,NEW,24000445CA,07/29/2026 11:00 AM CT,"3706 E 7TH ST PANAMA CITY, FL- 32401","$195,681.77","$201,970.00","$195,681.77",23129-010-000
2026-05-15T02:10:28,NEW,25000725CA,06/24/2026 11:00 AM CT,"8010 CAMPFLOWERS RD YOUNGSTOWN, FL- 32466","$132,654.20","$160,251.00","$132,654.20",05263-122-005
2026-05-15T02:10:28,NEW,25000991CA,06/26/2026 11:00 AM CT,"5036 E 14TH ST PANAMA CITY, FL- 32404","$270,127.09","$206,268.00","$270,127.09",14961-000-000
2026-05-15T02:10:28,CLOSED,25000427CA,05/14/2026 11:00 AM CT,"9860 S THOMAS DR 825 PANAMA CITY BEACH, FL- 32408","$33,580.66","$335,750.00","$33,580.66",40001-000-274
2026-05-18T02:10:25,NEW,25001266CA,06/15/2026 11:00 AM CT,"2131 N EAST AVE PANAMA CITY, FL- 32405","$2,384,338.51","$2,751,509.00","$2,384,338.51",14660-120-000
2026-05-18T02:10:25,NEW,24001025CA,06/22/2026 11:00 AM CT,"1037 NORTH BAY DR LYNN HAVEN, FL- 32444","$364,334.53","$581,567.00","$364,334.53",08804-000-000
2026-05-18T02:10:25,NEW,25000787CA,06/25/2026 11:00 AM CT,"3113 W 20TH CT PANAMA CITY, FL- 32405","$93,845.02","$90,935.00","$93,845.02",28503-000-000
2026-05-18T02:10:25,NEW,24000457CA,07/07/2026 11:00 AM CT,"910 MULBERRY AVE PANAMA CITY, FL- 32401","$62,702.06","$70,954.00","$62,702.06",18590-000-000
2026-05-18T02:10:25,NEW,25004999CC,08/06/2026 11:00 AM CT,"1636 CALEIGH CT LYNN HAVEN, FL- 32444","$11,093.88","$224,330.00","$11,093.88",11588-750-370
2026-05-19T02:10:15,CLOSED,25000327CA,05/18/2026 11:00 AM CT,"908 E 2ND CT PANAMA CITY, FL- 32401","$84,319.29","$140,330.00",Hidden,22054-000-000
2026-05-19T02:10:15,CLOSED,25000431CA,05/18/2026 11:00 AM CT,"9860 S THOMAS DR 921 PANAMA CITY BEACH, FL- 32408","$54,768.20","$365,500.00","$54,768.20",40001-000-308
